"","newstitle","news"
"1","탱크 몰고 지휘관에 돌진..러시아군 사기 곤두박질(영상)                                ","뉴시스"
"2","3040男, 길어진 '집콕'에 뱃살 빵빵..""비만은 질병입니다""                                ","헤럴드경제"
"3","나토 다국적 전투집단, 불가리아 등 4개국에 신규 주둔하기로                                ","한겨레"
"4","윤석열, '여가부 폐지' 공약에 ""선거 때 국민들에 거짓말하나"" 추진 재확인                                ","경향신문"
"5","하루하루 다가오는 '태양절'.. 경축 준비[데일리 북한]                                ","뉴스1"
"6","이달 제주 확진자 10만명 돌파..""주말께부터 정점""                                ","연합뉴스"
"7","중수본 ""19일부터 주평균 확진자 감소세, 위중증은 증가 둔화""                                ","뉴스1"
"8","尹, 초대 국무총리 내달 10일쯤 지명할듯                                ","문화일보"
"9","美신문 ""푸틴, 보안국 질책..책임두고 내분 조짐""[우크라 침공]                                ","연합뉴스"
"10","박근혜 '완치 미소'에 지지자들 ""가여운 분"" 눈물                                ","쿠키뉴스"
"11","러 우크라 침공 한 달..美, 동맹 규합으로 '최대 압박'                                ","뉴스1"
"12","통일부 ""北, 내달 열병식 개최 가능성 커.. 예의주시""                                ","뉴스1"
"13","서울시, 다회용컵 무인회수기 600대 설치..'제로식당' 확대                                ","연합뉴스"
"14","""韓, 바이오의약 기반 탄탄.. 빈국의 백신 자급 이끌 '티칭 허브'로 최적""                                ","문화일보"
"15","정치메시지 없이 '짤막 인사' 내놓은 朴..尹, 달성 사저 찾는다                                ","연합뉴스"
"16","소상공인 이차보전 프로그램 대출만기 1년 추가 연장                                ","뉴스1"
"17","우크라이나군, 키이우 등에서 반격 '성과'..전쟁 장기화                                ","한겨레"
"18","방통심의위, 인수위 업무보고서 최종 제외                                ","연합뉴스"
"19","저출산 시대에도 쑥쑥 크는 이유식                                ","아시아경제"
"20","윤 당선인 ""靑 인사 바람직하지 않아..박근혜 뵐 것""[일문일답]                                ","이데일리"
