"","bookthumburl","booktitle"
"1","https://bookthumb-phinf.pstatic.net/cover/222/646/22264633.jpg?type=m106&udate=20220325","가불 선진국"
"2","https://bookthumb-phinf.pstatic.net/cover/189/260/18926010.jpg?type=m106&udate=20220325","불편한 편의점"
"3","https://bookthumb-phinf.pstatic.net/cover/211/796/21179658.jpg?type=m106&udate=20220325","이어령의 마지막 수업"
"4","https://bookthumb-phinf.pstatic.net/cover/221/081/22108180.jpg?type=m106&udate=20220325","시맨틱 에러 포토에세이"
"5","https://bookthumb-phinf.pstatic.net/cover/213/542/21354205.jpg?type=m106&udate=20220325","물고기는 존재하지않는다"
"6","https://bookthumb-phinf.pstatic.net/cover/214/880/21488038.jpg?type=m106&udate=20220325","마음의 법칙"
"7","https://bookthumb-phinf.pstatic.net/cover/222/755/22275552.jpg?type=m106&udate=20220325","143층 나무 집"
"8","https://bookthumb-phinf.pstatic.net/cover/212/625/21262555.jpg?type=m106&udate=20220325","웰씽킹"
"9","https://bookthumb-phinf.pstatic.net/cover/214/141/21414116.jpg?type=m106&udate=20220325","어서 오세요, 휴남동서점입니다"
"10","https://bookthumb-phinf.pstatic.net/cover/220/171/22017111.jpg?type=m106&udate=20220325","설민석의 한국사 대모험 20"
